"BROKEN","EPIC","FAILED","FEATURE","PASSED","SKIPPED","STORY","UNKNOWN"
"0","Hệ thống Văn phòng điện tử UTC","0","Xác thực & Đăng nhập","1","0","Kiểm thử độ dài / Stress input","0"
"0","Hệ thống Văn phòng điện tử UTC","0","Xác thực & Đăng nhập","1","0","Xác thực thông tin","0"
"0","Hệ thống Văn phòng điện tử UTC","0","Xác thực & Đăng nhập","1","0","Tương tác giao diện","0"
"0","Hệ thống Văn phòng điện tử UTC","0","Xác thực & Đăng nhập","1","0","Bảo mật giao diện","0"
"0","Hệ thống Văn phòng điện tử UTC","0","Xác thực & Đăng nhập","1","0","Điều hướng liên kết","0"
"0","Hệ thống Văn phòng điện tử UTC","0","Xác thực & Đăng nhập","0","1","Đăng nhập thành công","0"
"0","Hệ thống Văn phòng điện tử UTC","1","Xác thực & Đăng nhập","3","0","Kiểm tra Validation","0"
"0","Hệ thống Văn phòng điện tử UTC","0","Xác thực & Đăng nhập","1","0","Phân tích giá trị biên (BVA)","0"
"0","Hệ thống Văn phòng điện tử UTC","0","Xác thực & Đăng nhập","1","0","Cơ chế chống Brute-force","0"
"0","Hệ thống Văn phòng điện tử UTC","0","Xác thực & Đăng nhập","1","0","Cổng xác thực SSO","0"
