"DESCRIPTION","DURATION IN MS","NAME","PARENT SUITE","START TIME","STATUS","STOP TIME","SUB SUITE","SUITE","TEST CLASS","TEST METHOD"
"Kiểm tra giới hạn buffer, hệ thống không bị crash lỗi 500.","2815","TC13: Kiểm tra nhập chuỗi cực dài (500 ký tự)","tests","2026-10-08","passed","2026-10-08","TestLoginUTC","test_login_e2e","",""
"Hệ thống từ chối đăng nhập với thông tin không đúng.","2538","TC06: Đăng nhập với tài khoản hoặc mật khẩu không chính xác","tests","2026-10-08","passed","2026-10-08","TestLoginUTC","test_login_e2e","",""
"Kiểm tra tương tác bật/tắt checkbox lưu phiên đăng nhập.","1936","TC02: Kiểm tra toggle checkbox 'Giữ tôi luôn đăng nhập'","tests","2026-10-08","passed","2026-10-08","TestLoginUTC","test_login_e2e","",""
"Kiểm tra trường mật khẩu phải ở dạng ẩn ký tự để đảm bảo an toàn.","1746","TC01: Kiểm tra ô mật khẩu ẩn ký tự (type='password')","tests","2026-10-08","passed","2026-10-08","TestLoginUTC","test_login_e2e","",""
"Kiểm tra điều hướng sang trang cấp lại mật khẩu (/Login/GetPass).","2942","TC07: Kiểm tra liên kết 'Bạn quên mật khẩu đăng nhập ?'","tests","2026-10-08","passed","2026-10-08","TestLoginUTC","test_login_e2e","",""
"Kiểm tra luồng đăng nhập chính xác đưa người dùng vào hệ thống.","0","TC09: Đăng nhập thành công với tài khoản hợp lệ (Happy Path)","tests","2026-10-08","skipped","2026-10-08","TestLoginUTC","test_login_e2e","",""
"Phát hiện lỗi (Bug): Hệ thống không trim khoảng trắng.","2668","TC11: Nhập toàn ký tự khoảng trắng (Space)","tests","2026-10-08","failed","2026-10-08","TestLoginUTC","test_login_e2e","",""
"Hệ thống phải yêu cầu nhập mật khẩu khi chỉ có tên đăng nhập.","2837","TC04: Nhập Tên đăng nhập nhưng để trống Mật khẩu","tests","2026-10-08","passed","2026-10-08","TestLoginUTC","test_login_e2e","",""
"Kiểm tra giá trị biên dưới, hệ thống phản hồi lỗi an toàn.","2544","TC12: Kiểm tra nhập dữ liệu quá ngắn (1 ký tự)","tests","2026-10-08","passed","2026-10-08","TestLoginUTC","test_login_e2e","",""
"Hệ thống phải yêu cầu nhập tên đăng nhập khi chỉ có mật khẩu.","2546","TC05: Để trống Tên đăng nhập nhưng có nhập Mật khẩu","tests","2026-10-08","passed","2026-10-08","TestLoginUTC","test_login_e2e","",""
"Kiểm tra xuất hiện mã Captcha bảo vệ sau 3 lần đăng nhập sai.","4464","TC10: Kích hoạt mã bảo mật (Captcha) khi nhập sai liên tiếp từ 3 lần","tests","2026-10-08","passed","2026-10-08","TestLoginUTC","test_login_e2e","",""
"Kiểm tra chuyển hướng sang trang Google OAuth khi đăng nhập bằng mail trường.","4967","TC08: Kiểm tra điều hướng nút 'Đăng nhập bằng e-mail UTC'","tests","2026-10-08","passed","2026-10-08","TestLoginUTC","test_login_e2e","",""
"Hệ thống phải cảnh báo khi không nhập bất kỳ thông tin nào.","2368","TC03: Bấm Đăng nhập khi để trống cả 2 trường","tests","2026-10-08","passed","2026-10-08","TestLoginUTC","test_login_e2e","",""
